Gesetz|Artikel|Absatz|Text
SVG|26|1|Jedermann muss sich im Verkehr so verhalten, dass er andere in der ordnungsgemässen Benützung der Strasse weder behindert noch gefährdet. 
SVG|26|2|Besondere Vorsicht ist geboten gegenüber Kindern, Gebrechlichen und alten Leuten, ebenso wenn Anzeichen dafür bestehen, dass sich ein Strassenbenützer nicht richtig verhalten wird.
SVG|27|1| Signale und Markierungen sowie die Weisungen der Polizei sind zu befolgen. Die Signale und Markierungen gehen den allgemeinen Regeln, die Weisungen der Polizei den allgemeinen Regeln, Signalen und Markierungen vor. 
SVG|27|2|Den Feuerwehr-, Sanitäts-, Polizei- und Zollfahrzeugen ist beim Wahrnehmen der besonderen Warnsignale die Strasse sofort freizugeben. Fahrzeuge sind nötigenfalls anzuhalten.
SVG|28||Vor Bahnübergängen ist anzuhalten, wenn Schranken sich schliessen oder Signale Halt gebieten, und, wo solche fehlen, wenn Eisenbahnfahrzeuge herannahen. 
SVG|29||Fahrzeuge dürfen nur in betriebssicherem und vorschriftsgemässem Zustand verkehren. Sie müssen so beschaffen und unterhalten sein, dass die Verkehrsregeln befolgt werden können und dass Führer, Mitfahrende und andere Strassenbenützer nicht gefährdet und die Strassen nicht beschädigt werden. 
SVG|30|1|Der Führer darf auf Motorfahrzeugen und Fahrrädern Personen nur auf den dafür eingerichteten Plätzen mitführen. Der Bundesrat kann Ausnahmen vorsehen; er erlässt Vorschriften über die Personenbeförderung mit Anhängern.
SVG|30|2|Fahrzeuge dürfen nicht überladen werden. Die Ladung ist so anzubringen, dass sie niemanden gefährdet oderbelästigt und nicht herunterfallen kann. Überhängende Ladungen sind bei Tag und Nacht auffällig zu kennzeichnen. 
SVG|30|3|Zum Ziehen von Anhängern und zum Abschleppen von, Fahrzeugen dürfen Motorfahrzeuge nur verwendet werden, wenn Zugkraft und Bremsen ausreichen und die Anhängevorrichtung betriebssicher ist. 
SVG|30|4| Der Bundesrat erlässt im Rahmen der dem Bund zustehenden Befugnisse Vorschriften über die Beförderung von Tieren sowie von gefährlichen, gesundheitsschädlichen oder ekelerregenden Stoffen und Gegenständen. Er kann die Genehmigung, die Zulassung oder die Prüfung von Gefahrgutumschliessungen dafür geeigneten Betrieben oder Organisationen übertragen oder diese Kompetenz dem Eidgenössischen Departement für Umwelt, Verkehr, Energie und Kommunikation einräumen.
SVG|31|1|Der Führer muss das Fahrzeug ständig so beherrschen, dass er seinen Vorsichtspflichten nachkommen kann. 
SVG|31|2|Wer wegen Alkohol-, Betäubungsmittel- oder Arzneimitteleinfluss oder aus anderen Gründen nicht über die erforderliche körperliche und geistige Leistungsfähigkeit verfügt, gilt während dieser Zeit als fahrunfähig und darf kein Fahrzeug führen.
SVG|31|3|Der Führer hat dafür zu sorgen, dass er weder durch die Ladung noch auf andere Weise behindert wird. Mitfahrende dürfen ihn nicht behindern oder stören. 
SVG|32|1|Die Geschwindigkeit ist stets den Umständen anzupassen, namentlich den Besonderheiten von Fahrzeug und Ladung, sowie den Strassen-, Verkehrs- und Sichtverhältnissen. Wo das Fahrzeug den Verkehr stören könnte, ist langsam zu fahren und nötigenfalls anzuhalten, namentlich vor unübersichtlichen Stellen, vor nicht frei überblickbaren Strassenverzweigungen sowie vor Bahnübergängen. 
SVG|32|2|Der Bundesrat beschränkt die Geschwindigkeit der Motorfahrzeuge auf allen Strassen.
SVG|32|3| Die vom Bundesrat festgesetzte Höchstgeschwindigkeit kann für bestimmte Strassenstrecken von der zuständigen Behörde nur auf Grund eines Gutachtens herab- oder heraufgesetzt werden. Der Bundesrat kann Ausnahmen vorsehen
SVG|33|1|1 Den Fussgängern ist das Überqueren der Fahrbahn in angemessener Weise zu ermöglichen.
SVG|33|2|Vor Fussgängerstreifen hat der Fahrzeugführer besonders vorsichtig zu fahren und nötigenfalls anzuhalten, um den Fussgängern den Vortritt zu lassen, die sich schon auf dem Streifen befinden oder im Begriffe sind, ihn zu betreten.
SVG|33|3|An den Haltestellen öffentlicher Verkehrsmittel ist auf ein- und aussteigende Personen Rücksicht zu nehmen. 
SVG|34|1|Fahrzeuge müssen rechts, auf breiten Strassen innerhalb der rechten Fahrbahnhälfte fahren. Sie haben sich möglichst an den rechten Strassenrand zu halten, namentlich bei langsamer Fahrt und auf unübersichtlichen Strecken. 
SVG|34|2|Auf Strassen mit Sicherheitslinien ist immer rechts dieser Linien zu fahren. 
SVG|34|3|Der Führer, der seine Fahrrichtung ändern will, wie zum Abbiegen, Überholen, Einspuren und Wechseln des Fahrstreifens, hat auf den Gegenverkehr und auf die ihm nachfolgenden Fahrzeuge Rücksicht zu nehmen. 
SVG|34|4|Gegenüber allen Strassenbenützern ist ausreichender Abstand zu wahren, namentlich beim Kreuzen und Überholen sowie beim Nebenund Hintereinander fahren.
SVG|35|1|Es ist rechts zu kreuzen, links zu überholen. 
SVG|35|2|Überholen und Vorbeifahren an Hindernissen ist nur gestattet, wenn der nötige Raum übersichtlich und frei ist und der Gegenverkehr nicht behindert wird. Im Kolonnenverkehr darf nur überholen, wer die Gewissheit hat, rechtzeitig und ohne Behinderung anderer Fahrzeuge wieder einbiegen zu können. 
SVG|35|3|Wer überholt, muss auf die übrigen Strassenbenützer, namentlich auf jene, die er überholen will, besonders Rücksicht nehmen.
SVG|35|4|In unübersichtlichen Kurven, auf und unmittelbar vor Bahnübergängen ohne Schranken sowie vor Kuppen darf nicht überholt werden, auf Strassenverzweigungen nur, wenn sie übersichtlich sind und das Vortrittsrecht anderer nicht beeinträchtigt wird.
SVG|35|5|Fahrzeuge dürfen nicht überholt werden, wenn der Führer die Absicht anzeigt, nach links abzubiegen, oder wenn er vor einem Fussgängerstreifen anhält, um Fussgängern das Überqueren der Strasse zu ermöglichen. 
SVG|35|6|Fahrzeuge, die zum Abbiegen nach links eingespurt haben, dürfen nur rechts überholt werden. 
SVG|35|7|Dem sich ankündigenden, schneller fahrenden Fahrzeug ist die Strasse zum Überholen freizugeben. Wer überholt wird, darf die Geschwindigkeit nicht erhöhen. 
SVG|36|1|Wer nach rechts abbiegen will, hat sich an den rechten Strassenrand, wer nach links abbiegen will, gegen die Strassenmitte zu halten. 
SVG|36|2|Auf Strassenverzweigungen hat das von rechts kommende Fahrzeug den Vortritt. Fahrzeuge auf gekennzeichneten Hauptstrassen haben den Vortritt, auch wenn sie von links kommen. Vorbehalten bleibt die Regelung durch Signale oder durch die Polizei. 
SVG|36|3|Vor dem Abbiegen nach links ist den entgegenkommenden Fahrzeugen der Vortritt zu lassen.
SVG|36|4|Der Führer, der sein Fahrzeug in den Verkehr einfügen, wenden oder rückwärts fahren will, darf andere Strassenbenützer nicht behindern; diese haben den Vortritt
SVG|37|1|Der Führer, der anhalten will, hat nach Möglichkeit auf die nachfolgenden Fahrzeuge Rücksicht zu nehmen. 
SVG|37|2|Fahrzeuge dürfen dort nicht angehalten oder aufgestellt werden, wo sie den Verkehr behindern oder gefährden könnten. Wo möglich sind sie auf Parkplätzen aufzustellen. 
SVG|37|3|Der Führer muss das Fahrzeug vor dem Verlassen angemessen sichern. 
SVG|38|1|Der Strassenbahn ist das Geleise freizugeben und der Vortritt zu lassen. 
SVG|38|2|Die fahrende Strassenbahn wird rechts überholt. Wenn dies nicht möglich ist, darf sie links überholt werden. 
SVG|38|3|Die haltende Strassenbahn darf nur in langsamer Fahrt gekreuzt und überholt werden. Sie wird, wo eine Schutzinsel vorhanden ist, rechts überholt, sonst nur links. 
SVG|38|4|Der Fahrzeugführer hat nötigenfalls nach links auszuweichen, wenn ihm am rechten Strassenrand eine Strassenbahn entgegenkommt. 
SVG|39|1|" Jede Richtungsänderung ist mit dem Richtungsanzeiger oder durch deutliche Handzeichen rechtzeitig bekannt zu geben. Dies gilt namentlich für:
a. das Einspuren, Wechseln des Fahrstreifens und Abbiegen;
b. das Überholen und das Wenden;
c. das Einfügen eines Fahrzeuges in den Verkehr und das Anhalten am Strassenrand. "
SVG|39|2|Die Zeichengebung entbindet den Fahrzeugführer nicht von der gebotenen Vorsicht. 
SVG|40||Wo die Sicherheit des Verkehrs es erfordert, hat der Fahrzeugführer die übrigen Strassenbenützer zu warnen. Unnötige und übermässige Warnsignale sind zu unterlassen. Rufzeichen mit der Warnvorrichtung sind untersagt. 
SVG|41|1| Vom Beginn der Abenddämmerung an bis zur Tageshelle und wenn die Witterung es erfordert, müssen die Fahrzeuge beleuchtet sein. Der Bundesrat kann für bestimmte Fälle Rückstrahler an Stelle von Lichtern gestatten. 
SVG|41|2|Fahrzeuge, die auf Parkplätzen oder im Bereich genügender Strassenbeleuchtung stehen, müssen nicht beleuchtet sein. 
SVG|41|3| Die Fahrzeuge dürfen nach vorn keine roten und nach hinten keine weissen Lichter oder Rückstrahler tragen. Der Bundesrat kann Ausnahmen gestatten. 
SVG|41|4|Die Beleuchtung ist so zu handhaben, dass niemand unnötig geblendet wird.
SVG|42|1|Der Fahrzeugführer hat jede vermeidbare Belästigung von Strassenbenützern und Anwohnern, namentlich durch Lärm, Staub, Rauch und Geruch, zu unterlassen und das Erschrecken von Tieren möglichst zu vermeiden. 
SVG|42|2|Der Betrieb von Lautsprechern an Motorfahrzeugen ist untersagt, ausgenommen für Mitteilungen an Mitfahrende. Die nach kantonalem Recht zuständige Behörde kann in Einzelfällen Ausnahmen gestatten. 
SVG|43|1|Wege, die sich für den Verkehr mit Motorfahrzeugen oder Fahrrädern nicht eignen oder offensichtlich nicht dafür bestimmt sind, wie Fuss- und Wanderwege, dürfen mit solchen Fahrzeugen nicht befahren werden. 
SVG|43|2|Das Trottoir ist den Fussgängern, der Radweg den Radfahrern vorbehalten. Der Bundesrat kann Ausnahmen vorsehen. 
SVG|43|3|Auf Strassen, die den Motorfahrzeugen vorbehalten sind, dürfen nur die vom Bundesrat bezeichneten Arten von Motorfahrzeugen verkehren. Der Zutritt ist untersagt, die Zufahrt ausschliesslich an den dafür vorgesehenen Stellen gestattet. Der Bundesrat kann Benützungsvorschriften und besondere Verkehrsregeln erlassen.
SVG|44|1|Auf Strassen, die für den Verkehr in gleicher Richtung in mehrere Fahrstreifen unterteilt sind, darf der Führer seinen Streifen nur verlassen, wenn er dadurch den übrigen Verkehr nicht gefährdet. 
SVG|44|2|Das gleiche gilt sinngemäss, wenn auf breiten Strassen ohne Fahrstreifen Fahrzeugkolonnen in gleicher Richtung nebeneinander fahren. 
SVG|45|1|Auf Strassen mit starkem Gefälle und auf Bergstrassen ist so zu fahren, dass die Bremsen nicht übermässig beansprucht werden. Wo das Kreuzen schwierig ist, hat in erster Linie das abwärtsfahrende Fahrzeug rechtzeitig anzuhalten. Ist das Kreuzen nicht möglich, so muss das abwärtsfahrende Fahrzeug zurückfahren, sofern das andere sich nicht offensichtlich näher bei einer Ausweichstelle befindet. 
SVG|45|2|Der Bundesrat kann für Bergstrassen weitere Vorschriften erlassen und Ausnahmen von den Verkehrsregeln vorsehen. 
SVG|46|1|Radfahrer müssen die Radwege und -streifen benützen. 
SVG|46|2|Radfahrer dürfen nicht nebeneinander fahren. Der Bundesrat kann Ausnahmen vorsehen.
SVG|46|4|Radfahrer dürfen sich nicht durch Fahrzeuge oder Tiere ziehen lassen. 
SVG|47|1|Motorradfahrer dürfen nicht nebeneinander fahren, soweit es nicht beim Fahren innerhalb einer Kolonne von Motorwagen geboten erscheint. 
SVG|47|2|Wenn der Verkehr angehalten wird, haben die Motorradfahrer ihren Platz in der Fahrzeugkolonne beizubehalten.
SVG|48||Die Verkehrsregeln dieses Gesetzes gelten auch für Eisenbahnfahrzeuge auf Strassen, soweit dies mit Rücksicht auf die Besonderheiten dieser Fahrzeuge, ihres Betriebes und der Bahnanlagen möglich ist. 
SVG|49|1|Fussgänger müssen die Trottoirs benützen. Wo solche fehlen, haben sie am Strassenrand und, wenn besondere Gefahren es erfordern, hintereinander zu gehen. Wenn nicht besondere Umstände entgegenstehen, haben sie sich an den linken Strassenrand zu halten, namentlich ausserorts in der Nacht. 
SVG|49|2|Die Fussgänger haben die Fahrbahn vorsichtig und auf dem kürzesten Weg zu überschreiten, nach Möglichkeit auf einem Fussgängerstreifen. Sie haben den Vortritt auf diesem Streifen, dürfen ihn aber nicht überraschend betreten.
SVG|50|1|Reiter haben sich an den rechten Strassenrand zu halten. 
SVG|50|2|Vieh darf nicht unbewacht auf die Strasse gelassen werden ausser in signalisierten Weidegebieten.
SVG|50|3|Viehherden müssen von den nötigen Treibern begleitet sein; die linke Strassenseite ist nach Möglichkeit für den übrigen Verkehr freizuhalten. Einzelne Tiere sind am rechten Strassenrand zu führen. 
SVG|50|4|Für ihr Verhalten im Verkehr haben die Reiter und Führer von Tieren die Regeln des Fahrverkehrs (Einspuren, Vortritt, Zeichengebung usw.) sinngemäss zu beachten. 
VRV|1|1|Strassen sind die von Motorfahrzeugen, motorlosen Fahrzeugen oder Fussgängern benützten Verkehrsflächen.
VRV|1|2|Öffentlich sind Strassen, die nicht ausschliesslich privatem Gebrauch dienen.
VRV|1|3|Autobahnen und Autostrassen sind die dem Motorfahrzeugverkehr vorbehaltenen und entsprechend signalisierten Strassen (Art. 45 Abs. 1 der V vom 5. Sept. 19795 über die Strassensignalisation, SSV)6 Autobahnen weisen eine getrennte Fahrbahn für jede der beiden Richtungen auf und sind frei von höhengleichen Kreuzungen.
VRV|1|4|Fahrbahn ist der dem Fahrverkehr dienende Teil der Strasse.
VRV|1|5|Fahrstreifen sind markierte Teile der Fahrbahn, die für die Fortbewegung einer Fahrzeugkolonne Raum bieten (Art. 74 SSV).
VRV|1|6|Radwege sind die für Radfahrer bestimmten, von der Fahrbahn durch bauliche Massnahmen getrennten und entsprechend signalisierten Wege (Art. 33 Abs. 1 SSV)
VRV|1|7|Radstreifen sind die für Radfahrer bestimmten Fahrstreifen, die normalerweise durch gelbe unterbrochene oder ausnahmsweise durch ununterbrochene Linien gekennzeichnet sind (Art. 74 Abs. 5 SSV9).1
VRV|1|8|Verzweigungen sind Kreuzungen, Gabelungen oder Einmündungen von Fahrbahnen. Das Zusammentreffen von Rad- oder Feldwegen, von Garage-, Parkplatz-, Fabrik- oder Hofausfahrten usw. mit der Fahrbahn gilt nicht als Verzweigung.
VRV|1|9|Verkehrsregelung* ist das Anhalten und Freigeben des Verkehrs durch Polizei oder Lichtsignale.
VRV|1|10|Fahrzeugähnliche Geräte sind Rollschuhe, Inline-Skates, Trottinette oder ähnliche mit Rädern oder Rollen ausgestattete Fortbewegungsmittel, welche ausschliesslich durch die Körperkraft des Benützers angetrieben werden. Kinderräder sind den fahrzeugähnlichen Geräten gleichgestellt.
VRV|2|1|Wer wegen Übermüdung, Einwirkung von Alkohol, Arznei- oder Betäubungsmitteln oder aus einem anderen Grund nicht fahrfähig ist, darf kein Fahrzeug führen.
VRV|2|2|Fahrunfähigkeit gilt als erwiesen, wenn im Blut des Fahrzeuglenkers nachgewiesen wird: a. Tetrahydrocannabinol (Cannabis); b. freies Morphin (Heroin/Morphin);c. Kokain; d. Amphetamin (Amphetamin); e. Methamphetamin; f. MDEA (Methylendioxyethylamphetamin); oder g. MDMA (Methylendioxymethamphetamin).
VRV|2|2bis|Das Bundesamt für Strassen (ASTRA) erlässt nach Rücksprache mit Fachexperten Weisungen über den Nachweis der Substanzen nach Absatz 2
VRV|2|2ter|Für Personen, die nachweisen können, dass sie eine oder mehrere der in Absatz 2 aufgeführten Substanzen gemäss ärztlicher Verschreibung einnehmen, gilt Fahrunfähigkeit nicht bereits beim Nachweis einer Substanz nach Absatz 2 als erwiesen.
VRV|2|3|Niemand darf ein Fahrzeug einem Führer überlassen, der nicht fahrfähig ist.
VRV|2a|1|Das Fahren unter Alkoholeinfluss ist verboten: a. auf Fahrten des konzessionierten oder grenzüberschreitenden Personenverkehrs auf der Strasse; b. im berufsmässigen Personentransport; c.23 mit Lastwagen, schweren Sattelschleppern und Traktoren mit einem Gesamtgewicht von über 3,5 t; d. beim Transport gefährlicher Güter mit kennzeichnungspflichtigen Beförderungseinheiten; e. Fahrlehrern während der Berufsausübung; f. Fahrzeugführern auf Lern- und Übungsfahrten;g. Begleitpersonen auf Lernfahrten; h. Inhabern des Führerausweises auf Probe, ausgenommen auf Fahrten mit Fahrzeugen der Spezialkategorien F, G und M. 
VRV|2a|1bis|Nicht vom Verbot nach Absatz 1 Buchstabe c erfasst sind: a. dringliche Dienstfahrten und damit zusammenhängende Fahrten durch Angehörige der Milizfeuerwehr; b. dringliche Dienstfahrten und damit zusammenhängende Fahrten durch Angehörige der Berufsfeuerwehr, der Polizei, des Zolls, des Zivilschutzes und der Sanität oder durch Personen im Auftrag dieser Organisationen, sofern sie dazu aufgeboten werden und weder Dienst haben noch auf Pikett sind; c. Fahrten mit Fahrzeugen, deren bauartbedingte Höchstgeschwindigkeit nicht mehr als 45 km/h beträgt; d. Fahrten mit Fahrzeugen, die nach Artikel 13 Absatz 2 der Verordnung vom 19. Juni 199524 über die technischen Anforderungen an Strassenfahrzeuge (VTS) den Arbeitsmotorwagen gleichgestellt sind.
VRV|2a|2|Alkoholeinfluss liegt vor, wenn die Person: a. eine Atemalkoholkonzentration von 0,05 mg/l oder mehr aufweist; b. eine Blutalkoholkonzentration von 0,10 Promille oder mehr aufweist; oder c. eine Alkoholmenge im Körper hat, die zu einer Blutalkoholkonzentration nach Buchstabe b führt.
VRV|3a|1|Bei Fahrzeugen, die mit Sicherheitsgurten ausgerüstet sind, müssen Führer und mitfahrende Personen die vorhandenen Sicherheitsgurten während der Fahrt tragen. Die Fahrzeugführer haben sicherzustellen, dass Kinder unter zwölf Jahren ordnungsgemäss gesichert sind
VRV|3a|2|Von der Gurtentragpflicht in Absatz 1 sind ausgenommen: a.33 Personen, die durch ein ärztliches Zeugnis nachweisen, dass ihnen das Tragen der Sicherheitsgurten nicht zugemutet werden kann; für Fahrten im Ausland erteilt die kantonale Behörde diesen Personen ein ärztliches Befreiungsattest nach der Richtlinie 91/671/EWG34; b. Von-Haus-zu-Haus-Lieferanten im Auslieferungsquartier, wenn nicht schneller als 25 km/h gefahren wird; c. Führer und Mitfahrer bei Fahrten auf Feld- und Waldwegen und im Werkareal, wenn nicht schneller als 25 km/h gefahren wird; d. Führer beim Manövrieren im Schritttempo; e. Führer und mitfahrende Personen von Motorwagen im regionalen fahrplanmässigen Verkehr konzessionierter Transportunternehmungen; f. Begleitpersonen von besonders betreuungsbedürftigen Personen in Fahrzeugen der Sanität und der Behindertenfahrdienste; g.35 Führer und mitfahrende Personen von Arbeitsmotorwagen, Traktoren und Motorkarren, wenn nicht schneller als 25 km/h gefahren wird. 
VRV|3a|3|Mitfahrende Personen in Gesellschaftswagen und Kleinbussen sind auf geeignete Art und Weise auf die Gurtentragpflicht aufmerksam zu machen.
VRV|3a|4|Auf Plätzen mit Sicherheitsgurten muss für Kinder unter zwölf Jahren eine geeignete Kinderrückhaltevorrichtung, zum Beispiel ein Kindersitz, verwendet werden, die nach dem UNECE-Reglement Nr. 44 oder Nr. 129 gemäss Anhang 2 VTS36 zugelassen ist. Keine Kinderrückhaltevorrichtung muss verwendet werden: a. für Kinder, die mindestens 150 cm gross sind; b. für Kinder ab vier Jahren auf speziell für Kinder zugelassenen Sitzplätzen; c. für Kinder ab vier Jahren in Gesellschaftswagen; d. für Kinder ab sieben Jahren auf Sitzplätzen mit Beckengurten
VRV|3b|1|Die Führer und Mitfahrer von Motorrädern mit oder ohne Seitenwagen, von Leicht-, Klein- und dreirädrigen Motorfahrzeugen sowie die Führer von Motorfahrrädern müssen während der Fahrt Schutzhelme tragen. Die Fahrzeugführer haben sicherzustellen, dass mitfahrende Kinder unter zwölf Jahren einen Schutzhelm tragen.
VRV|3b|2|Von der Helmtragpflicht sind ausgenommen: a. Von-Haus-zu-Haus-Lieferanten im Auslieferungsquartier, wenn nicht schneller als 25 km/h gefahren wird; b. Personen bei Fahrten im Werkareal, wenn nicht schneller als 25 km/h gefahren wird; c. Personen in geschlossenen Kabinen; d. Personen auf Sitzen, die mit Sicherheitsgurten versehen sind; e. Personen auf Fahrzeugen mit einer bauartbedingten Höchstgeschwindigkeit bis 20 km/h und einer allfälligen Tretunterstützung, die bis maximal 25 km/h wirkt; f. Führer von Motorfahrrädern, die durch ein ärztliches Zeugnis nachweisen, dass ihnen das Tragen eines Schutzhelmes nicht zugemutet werden kann; g. Führer von motorisierten Rollstühlen (Art. 18 Bst. c VTS39). 
VRV|3b|3|Auf Motorrädern mit oder ohne Seitenwagen, auf Leicht-, Klein- und dreirädrigen Motorfahrzeugen und auf Motorfahrrädern ist ein Schutzhelm zu tragen, der nach dem UNECE-Reglement Nr. 22 in der Fassung nach Anhang 2 VTS geprüft ist. Auf Raupenfahrzeugen genügt ein Helm, der nach der Norm SN EN 107740 oder SN EN 107841 geprüft ist, auf Motorfahrrädern ein Fahrradhelm, der nach der Norm SN EN 1078 geprüft ist.
VRV|4|1|Der Fahrzeugführer darf nur so schnell fahren, dass er innerhalb der überblickbaren Strecke halten kann; wo das Kreuzen schwierig ist, muss er auf halbe Sichtweite halten können.
VRV|4|5|Der Fahrzeugführer darf ohne zwingende Gründe nicht so langsam fahren, dass er einen gleichmässigen Verkehrsfluss hindert.
VRV|4a|1|Die allgemeine Höchstgeschwindigkeit für Fahrzeuge beträgt unter günstigen Strassen-, Verkehrs- und Sichtverhältnissen: a. 50 km/h in Ortschaften; b. 80 km/h ausserhalb von Ortschaften, ausgenommen auf Autostrassen und Autobahnen;c. 100 km/h auf Autostrassen; d. 120 km/h auf Autobahnen.
VRV|4a|2|Die allgemeine Höchstgeschwindigkeit von 50 km/h (Abs. 1 Bst. a) gilt im ganzen dichtbebauten Gebiet der Ortschaft; sie beginnt beim Signal «Höchstgeschwindigkeit 50) generell» (2.30.1) und endet beim Signal «Ende der Höchstgeschwindigkeit 50 generell» (2.53.1). Für Fahrzeugführer, die aus unbedeutenden Nebenstrassen (wie Strassen, die nicht Ortschaften oder Ortsteile direkt verbinden, landwirtschaftliche Erschliessungsstrassen, Waldwege u. dgl.) in eine Ortschaft einfahren, gilt sie auch ohne Signalisation, sobald die dichte Überbauung beginnt.
VRV|4a|3|Die allgemeine Höchstgeschwindigkeit von 80 km/h (Abs. 1 Bst. b) gilt ab dem Signal «Ende der Höchstgeschwindigkeit 50 generell» (2.53.1) oder «Ende der Höchstgeschwindigkeit» (2.53), beim Verlassen einer Autostrasse oder Autobahn ab dem Signal «Ende der Autostrasse» (4.04) oder dem Signal «Ende der Autobahn» (4.02).4
VRV|4a|3bis|Die allgemeine Höchstgeschwindigkeit von 100 km/h (Abs. 1 Bst. c) gilt ab dem Signal «Autostrasse» (4.03) und endet beim Signal «Ende der Autostrasse» (4.04)
VRV|4a|4|Die allgemeine Höchstgeschwindigkeit von 120 km/h (Abs. 1 Bst. d) gilt ab dem Signal «Autobahn» (4.01) und endet beim Signal «Ende der Autobahn» (4.02).
VRV|4a|5|Abweichende signalisierte Höchstgeschwindigkeiten gehen den allgemeinen Höchstgeschwindigkeiten (Abs. 1) vor, ebenso niedrigere Höchstgeschwindigkeiten für einzelne Fahrzeugarten nach Artikel 5 und für einzelne Fahrzeuge nach Anordnung der zuständigen Behörde.
VRV|5|1|"Die Höchstgeschwindigkeit beträgt: a. 80 km/h für 1. schwere Motorwagen, ausgenommen schwere Personenwagen, 2. Anhängerzüge, 3. Sattelmotorfahrzeuge, 4. Fahrzeuge mit Spikesreifen; b. 60 km/h für gewerbliche Traktoren; c. 40 km/h beim 1. Abschleppen von Fahrzeugen, auch mittels Abschlepprolli oder aufgesattelt; die zuständige Behörde kann in besonderen Fällen höhere Schleppgeschwindigkeiten gestatten, namentlich für feste Abschlepp-vorrichtungen, welche die Lenkung des geschleppten Fahrzeuges gewährleisten,
2. Nachziehen eines leeren Abschlepprollis; die zuständige Behörde kann in besonderen Fällen, namentlich für den Einsatz auf Autobahnen und Autostrassen, höhere Geschwindigkeiten gestatten; d. 30 km/h 1. beim Mitführen von land- und forstwirtschaftlichen51 Anhängern, die nicht immatrikuliert sind, 2. beim Mitführen von immatrikulierten land- und forstwirtschaftlichen Anhängern, sofern deren Fahrzeugausweis keine höhere Geschwindigkeit zulässt, 3. für Fahrzeuge mit Metall- oder Vollgummireifen."
VRV|5|2|Auf Autobahnen und Autostrassen beträgt die Höchstgeschwindigkeit 100 km/h für: a.53 Gesellschaftswagen, ausgenommen Gelenkbusse sowie Busse im öffentlichen, konzessionierten Linienverkehr mit bewilligten Stehplätzen; b. schwere Wohnmotorwagen; c.54 leichte Motorwagen mit Anhänger, sofern das Gesamtgewicht des Anhängers 3,5 t nicht übersteigt.55
VRV|5|3|Die vorstehenden Höchstgeschwindigkeiten dürfen auch nicht überschritten werden, wo eine höhere Geschwindigkeitsgrenze signalisiert ist.
VRV|5|4|Wenn ein Führer die für die Kategorieeinteilung seines Fahrzeugs massgebende Höchstgeschwindigkeit überschreitet, verletzt er eine Verkehrsregel; dies gilt nicht für die Führer von Motorfahrrädern.
VRV|6|1|Vor Fussgängerstreifen ohne Verkehrsregelung muss der Fahrzeugführer jedem Fussgänger oder Benützer eines fahrzeugähnlichen Gerätes, der sich bereits auf dem Streifen befindet oder davor wartet und ersichtlich die Fahrbahn überqueren will, den Vortritt gewähren.59 Er muss die Geschwindigkeit rechtzeitig mässigen und nötigenfalls anhalten, damit er dieser Pflicht nachkommen kann.6
VRV|6|2|Bei Verzweigungen mit Verkehrsregelung haben abbiegende Fahrzeugführer den Fussgängern oder Benützern von fahrzeugähnlichen Geräten für das Überqueren der Querstrasse den Vortritt zu lassen.61 Dies gilt bei Lichtsignalen nicht, wenn die Fahrt durch einen grünen Pfeil freigegeben wird und kein gelbes Warnlicht blinkt.
VRV|6|3|Auf Strassen ohne Fussgängerstreifen hat der Fahrzeugführer im Kolonnenverkehr nötigenfalls zu halten, wenn Fussgänger oder Benützer von fahrzeugähnlichen Geräten darauf warten, die Fahrbahn zu überqueren.6
VRV|6|4|Unbegleiteten Blinden ist der Vortritt stets zu gewähren, wenn sie durch Hochhalten des weissen Stockes anzeigen, dass sie die Fahrbahn überqueren wollen.
VRV|6|5|Die Führer dürfen gekennzeichnete Schulbusse, die halten und die Warnblinklichter eingeschaltet haben (Art. 23 Abs. 3 Bst. a), nur langsam und besonders vorsichtig überholen; nötigenfalls müssen sie halten.
VRV|8|1|Auf Strassen mit mehreren Fahrstreifen in der gleichen Richtung ist der äusserste Streifen rechts zu benützen. Dies gilt nicht beim Überholen, Einspuren, Fahren in parallelen Kolonnen sowie innerorts.
VRV|8|2|Das Fahren in parallelen Kolonnen ist bei dichtem Verkehr gestattet, wenn die rechte Fahrbahnhälfte dafür genügend Raum bietet. Mit langsamen Fahrzeugen ist in der äussersten Kolonne rechts zu fahren.
VRV|8|3|Beim Fahren in parallelen Kolonnen sowie innerorts auf Strassen mit mehreren Fahrstreifen in der gleichen Richtung ist das Rechtsvorbeifahren an andern Fahrzeugen gestattet, sofern diese nicht halten, um Fussgängern oder Benützern von fahrzeugähnlichen Geräten den Vortritt zu lassen.68 Das Rechtsüberholen durch Ausschwenken und Wiedereinbiegen ist jedoch untersagt.6
VRV|8|4|Benützen mehrspurige Motorfahrzeuge und Radfahrer denselben Fahrstreifen, so müssen die Motorfahrzeuge links, die Radfahrer rechts fahren. Radfahrer können vom Gebot des Rechtsfahrens abweichen: a. auf Fahrstreifen, die das Linksabbiegen gestatten; b. auf Rechtsabbiegestreifen, auf denen die Fahrräder gemäss der Markierung (Art. 74a Abs. 7 Bst. e SSV70) entgegen dem allgemeinen Verkehr geradeaus fahren dürfen.
VRV|8|5|Ist auf Strassen mit mehreren Fahrstreifen in eine Richtung das durchgehende Befahren eines Fahrstreifens nicht möglich oder endet ein Fahrstreifen, so ist unmittelbar vor Beginn der Verengung den am Weiterfahren gehinderten Fahrzeugen abwechslungsweise der Übergang auf den benachbarten Fahrstreifen zu ermöglichen.
VRV|9|1|Der Fahrzeugführer hat dem Gegenverkehr den Vortritt zu lassen, wenn das Kreuzen durch ein Hindernis auf seiner Fahrbahnhälfte erschwert wird.
VRV|9|2|Ist auf schmaler Strasse das Kreuzen nicht möglich, so haben Anhängerzüge den Vortritt vor andern Fahrzeugen, schwere Motorfahrzeuge vor leichten und Gesellschaftswagen vor Lastwagen.73 Unter gleichartigen Fahrzeugen muss jenes zurückfahren, das sich näher bei einer Ausweichstelle befindet; für das Kreuzen auf steilen Strassen und Bergstrassen gilt Artikel 38 Absatz 1 erster Satz
VRV|10|1|Der Fahrzeugführer, der überholen will, muss vorsichtig ausschwenken* und darf nachfolgende Fahrzeuge nicht behindern. Er darf nicht überholen, wenn sich vor dem voranfahrenden Fahrzeug Hindernisse befinden, wie Baustellen, eingespurte Fahrzeuge oder Fussgänger, welche die Strasse überqueren.
VRV|10|2|Nach dem Überholen hat der Fahrzeugführer wieder einzubiegen, sobald für den überholten Strassenbenützer keine Gefahr mehr besteht
VRV|10|3|Die Führer schwerer Motorwagen haben ausserorts den schnelleren Motorfahrzeugen das Überholen angemessen zu erleichtern, indem sie ganz rechts fahren, unter sich einen Abstand von wenigstens 100 m wahren und nötigenfalls auf Ausweichplätzen halten. Dies gilt auch für andere Motorfahrzeuge, wenn sie langsam fahren.
VRV|11|1|Auf nicht richtungsgetrennten Strassen mit drei Fahrstreifen darf der Fahrzeugführer den äussersten Streifen links, auf solchen mit vier Fahrstreifen die linke Fahrbahnhälfte nicht zum Überholen benützen.7
VRV|11|2|Der Fahrzeugführer darf kein Fahrzeug überholen, das ein anderes Fahrzeug überholt, ausser wenn: a.77 beide überholten Fahrzeuge nicht breiter als je ein Meter sind und die Strasse breit und übersichtlich ist; b. er sich auf einer richtungsgetrennten Strasse mit mindestens drei Fahrstreifen in der gleichen Richtung befindet.
VRV|11|3|Wenn die Benützer der eigenen Fahrbahnhälfte nicht behindert werden, darf rechts von Sicherheitslinien auch in Kurven und vor Kuppen überholt werden. Auf Bahnübergängen ohne Schranken darf der Fahrzeugführer niemanden überholen, ausgenommen Fussgänger, Benützer von fahrzeugähnlichen Geräten und Radfahrer bei guter Übersicht.7
VRV|11|4|Im Bereich von Strassenverzweigungen, wo der Fahrzeugführer die einmündenden Strassen nicht überblicken kann, darf er nur überholen, wenn er sich auf einer Strasse mit Vortrittsrecht befindet oder der Verkehr durch Polizei oder Lichtsignale geregelt wird.
VRV|12|1|Der Fahrzeugführer hat beim Hintereinanderfahren einen ausreichenden Abstand zu wahren, so dass er auch bei überraschendem Bremsen des voranfahrenden Fahrzeugs rechtzeitig halten kann.
VRV|12|2|Brüskes Bremsen und Halten sind nur gestattet, wenn kein Fahrzeug folgt und im Notfall.
VRV|12|3|Stockt der Verkehr, so darf der Fahrzeugführer nicht auf Fussgängerstreifen und, bei Strassenverzweigungen, nicht auf der Fahrbahn für den Querverkehr halten.
VRV|13|1|Die Fahrzeugführer müssen beim Abbiegen frühzeitig einspuren. Dies gilt auch beim Abbiegen ausserhalb von Strassenverzweigungen und, soweit möglich, auf schmalen Strassen
VRV|13|2|Beim Einspuren nach links darf der Fahrzeugführer den für den Gegenverkehr bestimmten Raum nicht beanspruchen. Auf dreispurigen Strassen mit oder ohne Markierung darf er mit der gebotenen Vorsicht die mittlere Spur benützen.
VRV|13|3|Das Wechseln auf andere Fahrstreifen zum Überholen ist auf Einspurstrecken untersagt, ausgenommen auf Fahrstreifen, die mit den gleichen Fahrzielen bezeichnet sind.
VRV|13|4|Der Fahrzeugführer darf beim Abbiegen nach links auf Strassenverzweigungen die Kurve nicht schneiden. Fahrzeuge aus entgegengesetzten Richtungen, die beide auf einer Kreuzung nach links abbiegen wollen, haben sich links zu kreuzen.
VRV|13|5|Muss der Fahrzeugführer wegen der Grösse seines Fahrzeugs oder der örtlichen Verhältnisse vor dem Abbiegen nach der Gegenseite ausholen, so hat er besonders vorsichtig zu fahren und nötigenfalls zu halten.
VRV|13|6|Befördern Motorfahrzeuge oder ihre Anhänger sichthemmende Ladungen, ist beim Einspuren und Abbiegen besondere Vorsicht geboten. Nötigenfalls ist eine Hilfsperson beizuziehen, die das Fahrmanöver überwacht
VRV|14|1|Wer zur Gewährung des Vortritts verpflichtet ist, darf den Vortrittsberechtigten in seiner Fahrt nicht behindern. Er hat seine Geschwindigkeit frühzeitig zu mässigen und, wenn er warten muss, vor Beginn der Verzweigung zu halten.
VRV|14|2|Der Vortrittsberechtigte hat auf Strassenbenützer Rücksicht zu nehmen, welche die Strassenverzweigungen erreichten, bevor sie ihn erblicken konnten.
VRV|14|3|Dem vortrittsberechtigten Verkehr in parallelen Kolonnen ist der Vortritt auch zu lassen, wenn die nähere Kolonne stillsteht.
VRV|14|4|Reiter sowie Führer von Pferden und anderen grösseren Tieren sind den Fahrzeugführern beim Vortritt gleichgestellt.
VRV|14|5|In nicht geregelten Fällen, zum Beispiel wenn auf einer Verzweigung zugleich aus allen Richtungen Fahrzeuge eintreffen, haben die Führer besonders vorsichtig zu fahren und sich über den Vortritt zu verständigen
VRV|15|1|Ändert die Hauptstrasse die Richtung und münden zugleich Nebenstrassen ein, so hat der Fahrzeugführer, der aus der Hauptstrasse in eine Nebenstrasse fährt, nur dem Gegenverkehr auf der Hauptstrasse den Vortritt zu lassen.
VRV|15|2|Münden am gleichen Ort zwei oder mehr Strassen mit dem Signal «Stop» (3.01) oder «Kein Vortritt» (3.02) in eine Strasse mit Vortrittsrecht ein, so haben die Benützer der einmündenden Strassen unter sich den Rechtsvortritt zu beachten.
VRV|15|3|Wer aus Fabrik-, Hof- oder Garageausfahrten, aus Feldwegen, Radwegen, Parkplätzen, Tankstellen und dergleichen oder über ein Trottoir auf eine Haupt- oder Nebenstrasse fährt, muss den Benützern dieser Strassen den Vortritt gewähren. Ist die Stelle unübersichtlich, so muss der Fahrzeugführer anhalten; wenn nötig, muss er eine Hilfsperson beiziehen, die das Fahrmanöver überwacht.
VRV|16|1|Den Fahrzeugen der Feuerwehr, Sanität, Polizei und des Zolls die sich durch Blaulicht und Wechselklanghorn ankündigen, müssen alle Strassenbenützer den Vortritt lassen, auch bei Verkehrsregelung durch Lichtsignale.
VRV|16|2|Wenn es zur sofortigen Freigabe der Fahrbahn unerlässlich ist, müssen die Fahrzeugführer mit der gebotenen Vorsicht auf das Trottoir ausweichen
VRV|16|3|Blaulicht und Wechselklanghorn dürfen nur gebraucht werden, solange die Dienstfahrt dringlich ist und die Verkehrsregeln nicht eingehalten werden können.
VRV|16|4|Bei nächtlichen dringlichen Dienstfahrten darf das Blaulicht ohne Wechselklanghorn verwendet werden, solange der Fahrzeugführer nicht wesentlich von den Verkehrsregeln abweicht und sein besonderes Vortrittsrecht nicht beansprucht.
VRV|17|1|Der Fahrzeugführer hat sich vor dem Wegfahren zu vergewissern, dass er keine Kinder oder andere Strassenbenützer gefährdet. Bei Fahrzeugen mit beschränkter Sicht nach hinten ist zum Rückwärtsfahren eine Hilfsperson beizuziehen, wenn nicht jede Gefahr ausgeschlossen ist.
VRV|17|2|Rückwärts darf nur im Schritttempo gefahren werden. Das Rückwärtsfahren über Bahnübergänge und unübersichtliche Strassenverzweigungen ist untersagt.
VRV|17|3|Über längere Strecken ist das Rückwärtsfahren nur zulässig, wenn das Weiterfahren oder Wenden nicht möglich ist
VRV|17|4|Der Führer vermeidet es, das Fahrzeug auf der Fahrbahn zu wenden. An unübersichtlichen Stellen und bei dichtem Verkehr ist das Wenden untersagt.
VRV|17|5|Kündigt der Führer eines Busses im Linienverkehr innerorts bei einer gekennzeichneten Haltestelle mit den Richtungsblinkern an, dass er wegfahren will, so müssen die von hinten herannahenden Fahrzeugführer nötigenfalls die Geschwindigkeit mässigen oder halten, um ihm die Wegfahrt zu ermöglichen; dies gilt nicht, wenn sich die Haltestelle am linken Fahrbahnrand befindet. Der Busführer darf die Richtungsblinker erst betätigen, wenn er zur Wegfahrt bereit ist; er muss warten, wenn von hinten herannahende Fahrzeuge nicht rechtzeitig halten können.9
VRV|18|1|Fahrzeugführer haben nach Möglichkeit ausserhalb der Strasse zu halten. Auf der Fahrbahn halten sie nur am Rand und parallel dazu. Das Halten auf der linken Strassenseite ist nur zulässig: a. wenn rechts ein Strassenbahngeleise verläuft; b. wenn rechts ein Halte- oder Parkverbot signalisiert oder markiert ist; c. in schmalen Strassen mit schwachem Verkehr; d. in Einbahnstrassen.
VRV|18|2|2 Das freiwillige Halten ist untersagt: a. an unübersichtlichen Stellen, namentlich im Bereich von Kurven und Kuppen; b. in Engpässen und neben Hindernissen in der Fahrbahn; c. auf Einspurstrecken sowie neben Sicherheitslinien, ununterbrochenen Längslinien und Doppellinien, wenn nicht eine wenigstens 3 m breite Durchfahrt frei bleibt; d. auf Strassenverzweigungen sowie vor und nach Strassenverzweigungen näher als 5 m von der Querfahrbahn; e. auf und seitlich angrenzend an Fussgängerstreifen sowie, wo keine Halteverbotslinie angebracht ist, näher als 5 m vor dem Fussgängerstreifen auf der Fahrbahn und dem angrenzenden Trottoir; f. auf Bahnübergängen und in Unterführungen; g. vor Signalen, wenn sie verdeckt würden. 
VRV|18|3|Näher als 10 m vor und nach Haltestelltafeln öffentlicher Verkehrsbetriebe sowie vor Feuerwehrlokalen und Löschgerätemagazinen ist das Halten nur zum Ein- und Aussteigenlassen von Personen erlaubt; öffentliche Verkehrsmittel und Feuerwehr dürfen nicht behindert werden
VRV|18|4|Das Halten zum Güterumschlag neben Fahrzeugen, die längs des Strassenrandes parkiert sind, ist nur zulässig, wenn der Verkehr nicht behindert wird. Parkierten Wagen ist die Wegfahrt auf Verlangen unverzüglich zu gestatten.
VRV|19|1|Parkieren ist das Abstellen des Fahrzeugs, das nicht bloss dem Ein- und Aussteigenlassen von Personen oder dem Güterumschlag dient.
VRV|19|2|Das Parkieren ist untersagt: a. wo das Halten verboten ist; b. auf Hauptstrassen ausserorts; c. auf Hauptstrassen innerorts, wenn für das Kreuzen von zwei Motorwagen nicht genügend Raum bliebe; d. auf Radstreifen und auf der Fahrbahn neben solchen Streifen; e.98 näher als 20 m bei Bahnübergängen; f. auf Brücken; g. vor Zufahrten zu fremden Gebäuden oder Grundstücken.
VRV|19|3|In schmalen Strassen dürfen Fahrzeuge nur auf einer Seite parkiert werden, wenn sonst die Vorbeifahrt anderer Fahrzeuge erschwert würde.
VRV|19|4|Es ist platzsparend zu parkieren, doch darf die Wegfahrt anderer Fahrzeuge nicht behindert werden.
VRV|20|1|Fahrzeuge ohne die vorgeschriebenen Kontrollschilder dürfen nicht auf öffentlichen Strassen oder Parkplätzen abgestellt werden; ausgenommen sind öffentliche Parkplätze privater Eigentümer, wenn diese das Abstellen gestatten. In besonderen Fällen kann die zuständige Behörde Ausnahmen bewilligen.
VRV|20a|1|Gehbehinderte Personen und Personen, die sie transportieren, können die folgenden Parkierungserleichterungen in Anspruch nehmen, wenn sie über eine «Parkkarte für behinderte Personen» (Anhang 3 Ziff. 2 SSV103) verfügen: a. an Stellen, die mit einem Parkverbot signalisiert oder markiert sind, höchstens drei Stunden parkieren; Parkierungsbeschränkungen gemäss Artikel 19 Absätze 2–4 sind in jedem Fall zu beachten; b. auf Parkplätzen zeitlich unbeschränkt parkieren; c. in Begegnungszonen auch ausserhalb der durch entsprechende Signale oder Markierungen gekennzeichneten Stellen höchstens zwei Stunden parkieren; in Fussgängerzonen gilt dieselbe Berechtigung, falls ausnahmsweise das Befahren der Zone erlaubt ist.
VRV|20a|2|Die Parkierungserleichterungen können nur beansprucht werden: a. wenn der übrige Verkehr weder gefährdet noch unnötig behindert wird; b. wenn in der unmittelbaren Nähe keine zur zeitlich unbeschränkten allgemeinen Benutzung offen stehenden Parkplätze frei sind; c. wenn und solange der Fahrzeugführer, sofern er nicht selber gehbehindert ist, gehbehinderte Personen transportiert und begleitet.
VRV|20a|3|Die Parkierungserleichterungen gelten nicht auf privat bewirtschafteten Parkflächen.
VRV|20a|4|Die Parkkarte für behinderte Personen ist gut sichtbar hinter der Frontscheibe des Fahrzeugs anzubringen.
VRV|20a|5|Eine Parkkarte wird ausgestellt für Personen, die mittels ärztlichem Zeugnis eine erhebliche Gehbehinderung nachweisen, und für Halter von Fahrzeugen, die nachweislich für den häufigen Transport von erheblich gehbehinderten Personen eingesetzt werden. Die Parkkarte wird durch die kantonale Behörde erteilt.
VRV|21|1|Strassenbenützer dürfen durch das Ein- und Aussteigen nicht gefährdet werden; beim Öffnen der Türen ist besonders auf den Verkehr von hinten zu achten.
VRV|21|2|Können Fahrzeuge zum Güterumschlag nicht ausserhalb der Strasse oder abseits vom Verkehr halten, so ist die Behinderung anderer Strassenbenützer möglichst zu vermeiden und die Ladetätigkeit ohne Verzug zu beenden.
VRV|21|3|Muss ein Fahrzeug zum Güterumschlag halten, wo es den Verkehr gefährden könnte, z.B. auf kurvenreicher Bergstrasse, so sind Pannensignale oder Warnposten aufzustellen.
VRV|22|1|Der Führer hat den Motor abzustellen, wenn er das Fahrzeug verlässt. Bevor er sich entfernt, muss er es gegen das Wegrollen und gegen die Verwendung durch Unbefugte sichern.
VRV|22|2|Im Gefälle ist die Bremse anzuziehen und eine weitere wirksame Sicherung gegen das Wegrollen zu treffen, wie Einschalten des niedrigsten Ganges oder Ablenken der Räder gegen ein Hindernis am Fahrbahnrand.
VRV|22|3|In starken Gefällen sind die Wagen ausserdem durch Unterlegkeile oder behelfsmässige Unterlagen zu sichern. Bei schweren Motorwagen, Anhängerzügen und losgelösten Anhängern sind auch in leichteren Gefällen Unterlegkeile anzubringen. Die Unterlagen sind vor der Wegfahrt von der Strasse zu entfernen.
VRV|23|1|Das vorgeschriebene Pannensignal (Art. 90 Abs. 2 VTS108) muss im Fahrzeug leicht erreichbar sein
VRV|23|2|Das Pannensignal ist am Fahrbahnrand aufzustellen, sobald ein Fahrzeug aus zwingenden Gründen vorschriftswidrig auf der Fahrbahn abgestellt wird, ferner zur Kennzeichnung des auf einem Pannenstreifen abgestellten Fahrzeugs. Es muss mindestens 50 m, auf Strassen mit schnellem Verkehr mindestens 100 m hinter dem Fahrzeug aufgestellt werden, auf dem Pannenstreifen an dessen rechtem Rand. Beim Nothalt auf signalisierten Abstellplätzen für Pannenfahrzeuge (4.16) muss das Pannensignal nicht aufgestellt werden
VRV|23|3|"Warnblinklichter (Art. 110 Abs. 1 Bst. g VTS) dürfen nur zur Warnung vor Gefahren wie folgt verwendet werden: a. am stehenden Fahrzeug zusätzlich zum Pannensignal sowie am gekennzeichneten Schulbus beim Ein- und Aussteigenlassen der Schüler (Art. 6 Abs. 5);am fahrenden Fahrzeug, namentlich vor einer unvermutet auftauchenden Unfallstelle, einem Fahrzeugstau oder auf Autobahnen und Autostrassen beim
Abschleppen. Das Pannensignal ist auch an der Rückseite abgeschleppter Fahrzeuge anzubringen. "
VRV|24|2|Beim Überqueren von Bahnübergängen ist jede Verzögerung zu vermeiden; Fahrzeuge mit Reifen oder Raupen aus Metall sowie Tierfuhrwerke und Reiter dürfen den Übergang nur im Schritttempo überqueren
VRV|24|3|Die Strassenbenützer dürfen Schranken, auch solche bei Flugplätzen und dergleichen, nicht öffnen, umfahren, umgehen, übersteigen oder unter ihnen durchgehen. Den Schranken sind die Halbschranken und Bedarfsschranken gleichgestellt, wobei Bedarfsschranken mit der vorgesehenen Bedienung geöffnet werden dürfen.
VRV|25|1|Die Strassenbahn, die nicht am Strassenrand fährt, darf links nur überholt werden, wo keine Strasse einmündet und wenn jede Behinderung des Gegenverkehrs ausgeschlossen ist.
VRV|25|2|Fährt die Strassenbahn links, so muss der in der gleichen Richtung fahrende Fahrzeugführer genügend Raum lassen, damit der Gegenverkehr links ausweichen kann.
VRV|25|3|Müssen bei Haltestellen ohne Schutzinsel die Fahrgäste einer Bahn oder Strassenbahn auf die Verkehrsseite aussteigen, so haben die auf der gleichen Strassenhälfte verkehrenden Fahrzeuge zu halten, bis die Fahrgäste die Fahrbahn freigegeben haben.
VRV|25|4|Wenn keine Strassenbahn herannaht, dürfen Linksabbieger zum Einspuren deren Fahrraum benützen.
VRV|25|5|Fahrzeuge dürfen nicht auf dem Strassenbahngeleise und nicht näher als 1,50 m neben der nächsten Schiene halten.
VRV|27|1|Solange Motorfahrzeuge von Inhabern eines Lernfahrausweises geführt werden, müssen sie auf der Rückseite an gut sichtbarer Stelle eine blaue Tafel mit weissem «L» tragen. Die Tafel ist zu entfernen, wenn keine Lernfahrt stattfindet.
VRV|27|2|Auf Lern- und Prüfungsfahrten mit Motorwagen muss der Begleiter neben dem Führer Platz nehmen, ausgenommen auf Übungsplätzen, beim Rückwärtsfahren oder beim Parkieren; der Begleiter muss wenigstens die Handbremse leicht erreichen können
VRV|27|3|Der Inhaber eines Lernfahrausweises darf auf Motorrädern sowie auf oder in anderen Motorfahrzeugen, mit welchen er Lernfahrten ohne Begleitperson ausführen darf, keine Passagiere mitführen, die nicht selber über den entsprechenden Führerausweis verfügen.1
VRV|27|4|Fahrschüler dürfen verkehrsreiche Strassen erst befahren, wenn sie genügend ausgebildet sind, Autobahnen und Autostrassen erst, wenn sie prüfungsreif sind.
VRV|27|5|Auf verkehrsreichen Strassen sind Anfahren in Steigungen, Wenden, Rückwärtsfahren und ähnliche Übungen untersagt, in Wohngebieten sind sie möglichst zu vermeiden.
VRV|27|6|Auf Lern- und Prüfungsfahrten darf auch dann über längere Strecken rückwärts gefahren werden, wenn das Weiterfahren oder Wenden möglich ist
VRV|28|1|Der Fahrzeugführer hat alle Richtungsänderungen anzukündigen, auch das Abbiegen nach rechts. Selbst der Radfahrer, der zum Überholen eines andern ausschwenkt, hat dies anzuzeigen.
VRV|28|2|Die Zeichengebung ist nach der Richtungsänderung unverzüglich einzustellen. Radfahrer können die Zeichengebung bereits während der Richtungsänderung einstellen
VRV|28|3|Hat ein Fahrzeug keine Richtungsanzeiger oder sind sie nicht wirksam, so zeigt der Führer oder ein Mitfahrer mit dem Arm nach der einzuschlagenden Richtung. Ist dies nicht möglich, so muss er besonders vorsichtig abschwenken.
VRV|28|4|Befördern Motorkarren, Arbeitskarren, land- und forstwirtschaftliche Motorfahrzeuge oder ihre Anhänger sichthemmende Ladungen, so hat der Führer eine Winkkelle (Anhang 4 VTS124) zu verwenden, sofern nicht das Fahrzeug mit einem besondern Anzeigegerät versehen ist, mit dem der Führer gleichzeitig nach hinten blicken und das Abschwenken nach links anzeigen kann, oder am Ende des Zuges keine Richtungsblinker vorhanden und diejenigen des Zugfahrzeuges nicht sichtbar sind. Durch Kelle oder Anzeigegerät dürfen andere Strassenbenützer nicht gefährdet werden.
VRV|29|1|Der Fahrzeugführer hat sich so zu verhalten, dass akustische Warnsignale oder Lichtsignale möglichst nicht notwendig sind. Er darf solche Signale nur geben, wo die Sicherheit des Verkehrs es erfordert; dies gilt auch für Gefahrenlichter (Art. 109 Abs. 6 und 110 Abs. 3 Bst. b VTS).
VRV|29|2|Der Fahrzeugführer hat akustische Warnsignale zu geben, wenn Kinder im Bereich der Strasse nicht auf den Verkehr achten und vor unübersichtlichen, engen Kurven ausserorts.
VRV|29|3|Nach Eintritt der Dunkelheit dürfen nur Lichtsignale gegeben werden. Akustische Warnsignale sind nur in Notfällen zulässig.
VRV|30|1|1 Vom Beginn der Abenddämmerung bis zur Tageshelle, bei schlechten Sichtverhältnissen und in Tunneln sind während der Fahrt die Abblendlichter zu verwenden. Bei Fahrzeugen ohne Abblendlicht sind die für die entsprechende Fahrzeugart vorgeschriebenen Lichter zu verwenden.
VRV|30|2|Im Übrigen sind bei Motorfahrzeugen die Tagfahrlichter oder die Abblendlichter zu verwenden. Ausgenommen sind andere Fahrzeugarten als Motorwagen und Motorräder sowie die vor dem 1. Januar 1970 erstmals zum Verkehr zugelassenen Motorwagen und Motorräder.
VRV|30|3|Bei Bedarf können die Fernlichter verwendet werden; in Ortschaften ist jedoch nach Möglichkeit darauf zu verzichten. Die Fernlichter sind auszuschalten: a. rechtzeitig vor dem Kreuzen mit anderen Strassenbenützern oder einer neben der Strasse entgegenkommenden Bahn; b. beim Hintereinanderfahren oder beim Rückwärtsfahren
VRV|30|4|Nebellichter und Nebelschlusslichter dürfen nur verwendet werden, wenn die Sicht wegen Nebels, Schneetreibens oder starken Regens erheblich eingeschränkt ist.
VRV|30|5|Bei längerem Halten kann auf die Standlichter umgeschaltet werden.
VRV|31|1|An ausserorts abgestellten mehrspurigen Fahrzeugen sind die Standlichter oder die Parklichter auf der Seite des Verkehrs zu verwenden. Bei Fahrzeugen ohne derartige Lichter sind die für die entsprechende Fahrzeugart vorgeschriebenen Lichter zu verwenden.
VRV|31|2|Bei mehrspurigen nicht motorisierten Fahrzeugen ist ein von vorn und hinten sichtbares, nicht blendendes gelbes Licht auf der Seite des Verkehrs ausreichend.
VRV|31|3|Innerorts und an Fahrzeugen mit einer Breite bis 1,00 m sind Rückstrahler ausreichend.
VRV|32|1|Anhänger und geschleppte Fahrzeuge sind gleichzeitig mit dem Zugfahrzeug zu beleuchten, ausser wenn am Zugfahrzeug nur Tagfahrlichter verwendet werden. Bei mehreren Anhängern eines Zugs müssen rückwärtige Lichter nur am letzten Anhänger brennen.
VRV|32|2|Arbeitslichter und Suchlampen dürfen verwendet werden, soweit sie für die entsprechende Tätigkeit unerlässlich sind.
VRV|33|1|Fahrzeugführer, Mitfahrende und Hilfspersonen dürfen, namentlich in Wohn- und Erholungsgebieten und nachts, keinen vermeidbaren Lärm erzeugen. Untersagt sind vor allem: a. andauerndes, unsachgemässes Benützen des Anlassers und unnötiges Vorwärmen und Laufenlassen des Motors stillstehender Fahrzeuge; b. hohe Drehzahlen des Motors im Leerlauf, beim Fahren in niedrigen Gängen; c. zu schnelles Beschleunigen des Fahrzeugs, namentlich beim Anfahren; d. fortgesetztes unnötiges Herumfahren in Ortschaften; e. zu schnelles Fahren, namentlich mit metallbereiften Fahrzeugen, beim Mitführen von unbefestigten Ladungen und von Anhängern, beim Befahren von Kurven und Steigungen; f. unsorgfältiges Beladen und Entladen von Fahrzeugen sowie Mitführen von Kannen und ähnlichen lärmerzeugenden Ladungen ohne Befestigung oder Zwischenlagen; g. Zuschlagen von Wagentüren, Motorhauben, Kofferdeckeln und dgl.; h. Störungen durch Radioapparate und andere Tonwiedergabegeräte, die im Fahrzeug eingebaut sind oder mitgeführt werden.
VRV|34|1|Motorfahrzeuge sind so zu unterhalten und zu benützen, dass sie keinen vermeidbaren Rauch entwickeln.
VRV|34|2|Der Motor ist auch bei kürzeren Halten abzustellen, wenn dies das Wegfahren nicht verzögert.
VRV|34|3|Der Fahrzeugführer hat auf staubigen, schmutzigen oder nassen Strassen, besonders bei Schneeschmelze, so zu fahren, dass Strassenbenützer und Anwohner nicht belästigt werden.
VRV|35|1|Auf Autobahnen und Autostrassen sind nur Motorfahrzeuge zugelassen, die eine Geschwindigkeit von wenigstens 80 km/h erreichen können und dürfen. Dies gilt nicht für Fahrzeuge zum Unterhalt der Strassen sowie für Ausnahmefahrzeuge und Ausnahmetransporte
VRV|35|2|Traktoren, Raupenfahrzeuge, Fahrzeuge mit Spikesreifen sowie Motorräder bis 50 cm3 Hubraum oder einer Motorleistung von höchstens 4,00 kW dürfen Autobahnen und Autostrassen nicht benützen.
VRV|35|3|Pannenfahrzeuge dürfen nur bis zur nächsten Ausfahrt geschleppt werden.
VRV|35|4|Versuchsfahrten und sportliche Veranstaltungen sind auf Autobahnen und Autostrassen nicht zugelassen.1
VRV|36|1|Auf Autobahnen und Autostrassen ist das Abbiegen nur an den dafür gekennzeichneten Stellen gestattet. Wenden und Rückwärtsfahren sind untersagt.
VRV|36|2|Mittelstreifen von Autobahnen dürfen auch auf den vorhandenen Durchfahrten nicht überquert werden.
VRV|36|3|Der Fahrzeugführer darf Pannenstreifen und signalisierte Abstellplätze für Pannenfahrzeuge nur für Nothalte benützen; sonst darf er nur auf signalisierten Parkplätzen halten. Die Fahrzeuginsassen dürfen die Fahrbahn nicht betreten
VRV|36|4|Benützer der Autobahnen und Autostrassen haben den Vortritt vor Fahrzeugen auf den Zufahrtsstrecken. Bei stockendem Verkehr ist Artikel 8 Absatz 5 anwendbar
VRV|36|5|Das Rechtsüberholen durch Ausschwenken und Wiedereinbiegen ist untersagt. Der Fahrzeugführer darf jedoch mit der gebotenen Vorsicht in folgenden Fällen rechts an andern Fahrzeugen vorbeifahren: a. bei Kolonnenverkehr auf dem linken oder mittleren Fahrstreifen; b. auf Einspurstrecken, sofern für die einzelnen Fahrstreifen unterschiedliche Fahrziele signalisiert sind; c. sofern der links liegende Fahrstreifen mit einer Sicherheitslinie (6.01) oder bei Doppellinien-Markierung (6.04) mit einer linksseitig angebrachten Sicherheitslinie abgegrenzt ist, bis zum Ende der entsprechenden Markierung, insbesondere auf dem Beschleunigungsstreifen von Einfahrten; d. auf dem Verzögerungsstreifen von Ausfahrten.
VRV|36|6|Auf Autobahnen mit mindestens drei Fahrstreifen in der gleichen Richtung darf der äusserste Streifen links nur von Motorfahrzeugen benützt werden, die eine Geschwindigkeit von mehr als 100 km/h erreichen dürfen.1
VRV|36|7|Fahren auf Autobahnen und Autostrassen mit mindestens zwei Fahrstreifen in eine Richtung die Fahrzeuge mit Schrittgeschwindigkeit oder befinden sie sich im Stillstand, so müssen diese Fahrzeuge für die Durchfahrt von Polizei-, Sanitäts-, Feuerwehr-, Zoll- und Hilfsfahrzeugen zwischen dem äussersten linken und dem unmittelbar rechts danebenliegenden Fahrstreifen eine freie Gasse bilden.
VRV|37|1|Einbahnstrassen sind der rechten Hälfte einer für den Verkehr in beiden Richtungen offenen Strasse gleichgestellt.
VRV|37|2|An Verkehrsinseln und Hindernissen sowie an der fahrenden Strassenbahn darf rechts oder links vorbeigefahren werden.
VRV|37|3|Auf Einbahnstrassen darf der Fahrzeugführer nicht rückwärtsfahren, ausser beim Parkieren, Ankuppeln von Anhängern u. dgl.
VRV|38|1|Können auf steilen Strassen und Bergstrassen gleichartige Fahrzeuge* nicht kreuzen, so muss das abwärtsfahrende zurückfahren, ausser das andere befinde sich nahe bei einer Ausweichstelle. Für das Kreuzen mit ungleichartigen Fahrzeugen gilt Artikel 9 Absatz 2 erster Satz.
VRV|38|3|Auf Bergpoststrassen müssen die Fahrzeugführer bei schwierigem Kreuzen und Überholen die Zeichen und Weisungen der Führer von Fahrzeugen im Linienverkehr beachten
VRV|39|1|In Tunneln sind das Rückwärtsfahren und das Wenden untersagt.
VRV|39|2|Fahrzeuge müssen stets beleuchtet sein.
VRV|39|3|Fahrzeugführer dürfen in Tunneln nur in Notfällen halten. Der Motor ist unverzüglich abzustellen.
VRV|40|1|Die Radfahrer haben den Vortritt zu gewähren, wenn sie aus einem Radweg oder Radstreifen auf die anliegende Fahrbahn fahren und wenn sie beim Überholen den Radstreifen verlassen.
VRV|40|2|Fussgänger dürfen Radwege benützen, wo Trottoir und Fussweg fehlen.
VRV|40|3|Führer anderer Fahrzeuge dürfen auf dem mit einer unterbrochenen Linie abgegrenzten Radstreifen (6.09) fahren, sofern sie den Fahrradverkehr dadurch nicht behindern.
VRV|40|4|Ausserhalb von Verzweigungen, z.B. bei Einfahrten zu Liegenschaften, müssen Führer anderer Fahrzeuge beim Überqueren von Radwegen oder Radstreifen den Radfahrern den Vortritt lassen.
VRV|40|5|Verläuft ein Radweg in einem Abstand von nicht mehr als 2 m entlang einer Fahrbahn für den Motorfahrzeugverkehr, gelten bei Verzweigungen für die Radfahrer die gleichen Vortrittsregeln wie für die Fahrzeugführer der anliegenden Fahrbahn. Die Motorfahrzeugführer der anliegenden Fahrbahn haben beim Abbiegen den Radfahrern den Vortritt zu gewähren
VRV|41|1|Fahrräder dürfen auf dem Trottoir abgestellt werden, sofern für die Fussgänger ein mindestens 1,50 m breiter Raum frei bleibt
VRV|41|1bis|"Das Parkieren der anderen Fahrzeuge auf dem Trottoir ist untersagt, sofern es Signale oder Markierungen nicht ausdrücklich zulassen. Ohne eine solche Signalisation dürfen sie auf dem Trottoir nur halten zum Güterumschlag oder zum Ein- und Aussteigenlassen von Personen; für Fussgänger muss stets ein mindestens 1,50 m
breiter Raum frei bleiben. Die Ladetätigkeit und das Ein- und Aussteigenlassen ist
ohne Verzug zu beenden."
VRV|41|2|Muss mit einem Fahrzeug das Trottoir benützt werden, so ist der Führer gegenüber den Fussgängern und Benützern von fahrzeugähnlichen Geräten zu besonderer Vorsicht verpflichtet; er hat ihnen den Vortritt zu lassen.1
VRV|41|3|Längsstreifen für Fussgänger (6.19) dürfen von Fahrzeugen nur benützt werden, wenn der Fussgängerverkehr nicht behindert wird.
VRV|41|4|Sind weder Radweg noch Radstreifen vorhanden, so dürfen Kinder bis 12 Jahre auf Fusswegen und Trottoirs Rad fahren. Sie müssen ihre Geschwindigkeit und Fahrweise den Umständen anpassen. Insbesondere müssen sie auf die Fussgänger Rücksicht nehmen und diesen den Vortritt gewähren.
VRV|41a||"Auf Nebenstrassen in Wohnquartieren oder auf Nebenstrassen, wo der Fahrzeugverkehr nur beschränkt zugelassen ist, haben die Fahrzeugführer besonders vorsichtig
und rücksichtsvoll zu fahren. "
VRV|41b|1|Vor der Einfahrt in einen Kreisverkehrsplatz (Signal 2.41.1 in Verbindung mit Signal 3.02) muss der Führer die Geschwindigkeit mässigen und den im Kreis von links herannahenden Fahrzeugen den Vortritt lassen
VRV|41b|2|Bei der Einfahrt in den Kreisverkehrsplatz und, sofern kein Fahrstreifenwechsel erfolgt, bei der Fahrt im Kreis muss der Führer die Richtung nicht anzeigen. Das Verlassen des Kreises muss angezeigt werden.
VRV|41b|3|Auf Kreisverkehrsplätzen können Radfahrer vom Gebot des Rechtsfahrens abweichen
VRV|42|1|Motorradfahrer und Radfahrer müssen den für sie bestimmten Platz einnehmen. Kinder dürfen ein Fahrrad nur benützen, wenn sie die Pedale treten können.1
VRV|42|2|Motorradfahrer und Radfahrer dürfen keine Gegenstände mitführen, welche die Zeichengebung verunmöglichen oder andere Strassenbenützer gefährden. Mitgeführte Gegenstände dürfen höchstens 1 m breit sein.
VRV|42|3|Radfahrer dürfen rechts neben einer Motorfahrzeugkolonne vorbeifahren, wenn genügend freier Raum vorhanden ist; das slalomartige Vorfahren ist untersagt. Sie dürfen die Weiterfahrt der Kolonne nicht behindern und sich namentlich nicht vor haltende Wagen stellen
VRV|42|4|Die Führer von Motorfahrrädern sowie die Führer von Elektro-Rikschas mit einer Breite bis 1,00 m haben die Vorschriften für Radfahrer zu beachten.1
VRV|43|1|Die Führer von Fahrrädern und Motorfahrrädern dürfen nicht neben andern Fahrrädern oder Motorfahrrädern fahren. Sofern der übrige Verkehr nicht behindert wird, ist das Nebeneinanderfahren zu zweit jedoch gestattet: a. in geschlossenem Verband von mehr als zehn Fahrrädern oder Motorfahr-rädern; b. bei dichtem Fahrrad- oder Motorfahrradverkehr; c. auf Radwegen und auf signalisierten Rad-Wanderwegen auf Nebenstrassen; d. in Begegnungszonen
VRV|43|2|Die Führer von Motorrädern dürfen weder nebeneinander noch neben Fahrrädern oder Motorfahrrädern fahren. Radfahrer und Motorfahrradfahrer dürfen nicht neben Motorrädern fahren.
VRV|43a|1|Nicht motorisierte Rollstühle dürfen von jedermann, motorisierte Rollstühle und Elektro-Stehroller nur von gehbehinderten Personen auf den für die Fussgänger bestimmten Verkehrsflächen verwendet werden. Dabei gelten die für Fussgänger anwendbaren Bestimmungen sinngemäss. Geschwindigkeit und Fahrweise sind den Umständen anzupassen
VRV|43a|2|Rollstühle dürfen auf den für den Fahrverkehr bestimmten Verkehrsflächen verwendet werden. Dabei gelten die für Radfahrer anwendbaren Bestimmungen sinngemäss. Wenn die Fahrbahn oder ein Radweg benützt wird, müssen die Rollstühle nachts und bei schlechten Sichtverhältnissen mit einem nach vorn weiss und nach hinten rot leuchtenden, gut erkennbaren Licht versehen sein.
VRV|45|1|Die Führer von Strassenbahnen haben besonders vorsichtig zu fahren bei Tramschleifen und beim Wechseln der Fahrbahnseite, beim Kreuzen auf schmalen Strassen und beim Fahren gegen die Richtung des übrigen Verkehrs. Vor dem Überholen müssen sie sich vergewissern, dass genügend Raum vorhanden ist.
VRV|45|2|Die Strassenbahn hat den Fahrzeugen der Feuerwehr, Sanität, Polizei und des Zolls, die sich durch die besonderen Warnsignale ankündigen, den Vortritt zu lassen. Fährt sie auf der Nebenstrasse, so hat sie den Fahrzeugen auf der Hauptstrasse den Vortritt zu gewähren.
VRV|45|3|Wo die Sicherheit des Verkehrs es erfordert, sind die übrigen Strassenbenützer durch optische oder akustische Signale zu warnen, namentlich vor dem Anfahren.
VRV|46|1|Auf der Fahrbahn gehen die Fussgänger rechts statt links, wenn sie nur dort die Möglichkeit zum Ausweichen haben oder wenn sie ein Fahrzeug, ausgenommen einen Kinderwagen, mitführen. Sie vermeiden ein häufiges Wechseln der Strassenseite.
VRV|46|2|Die Fussgänger vermeiden es, unnötig auf der Fahrbahn zu verweilen, namentlich an unübersichtlichen und engen Stellen, an Strassenverzweigungen sowie bei Nacht und schlechter Witterung.
VRV|46|2bis|Für Tätigkeiten, namentlich Spiele, die auf einer begrenzten Fläche stattfinden, darf die für die Fussgänger bestimmte Verkehrsfläche und auf verkehrsarmen Nebenstrassen (z. B. in Wohnquartieren) der gesamte Bereich der Fahrbahn benützt werden, sofern die übrigen Verkehrsteilnehmer dadurch weder behindert noch gefährdet werden
VRV|46|3|Fussgänger dürfen bei Haltestellen von Strassenbahnen ohne Insel das Trottoir erst verlassen, wenn die Strassenbahn stillsteht.
VRV|47|1|Die Fussgänger müssen, besonders vor und hinter haltenden Wagen, behutsam auf die Fahrbahn treten; sie haben die Strasse ungesäumt zu überschreiten. Sie müssen Fussgängerstreifen, Über- oder Unterführungen benützen, wenn diese weniger als 50 m entfernt sind.
VRV|47|2|Auf Fussgängerstreifen ohne Verkehrsregelung haben die Fussgänger den Vortritt, ausser gegenüber der Strassenbahn. Sie dürfen jedoch vom Vortrittsrecht nicht Gebrauch machen, wenn das Fahrzeug bereits so nahe ist, dass es nicht mehr rechtzeitig anhalten könnte
VRV|47|3|Bei Fussgängerstreifen ohne Verkehrsregelung, die durch eine Verkehrsinsel unterteilt sind, gilt jeder Teil des Überganges als selbständiger Streifen
VRV|47|5|Ausserhalb von Fussgängerstreifen haben die Fussgänger den Fahrzeugen den Vortritt zu lassen.
VRV|48|1|Die Führer von Handwagen mit höchstens 1 m Breite, von Kinderwagen, geschobenen Rollstühlen und geschobenen Fahrrädern haben wenigstens die Vorschriften und Signale für Fussgänger zu beachten. Auf der Fahrbahn müssen sie jedoch stets hintereinandergehen.
VRV|48|1bis|Ski und Schlitten dürfen als Verkehrsmittel benützt werden, wo dies ortsüblich ist
VRV|48|3|Personen, die auf der Fahrbahn oder in deren Bereich arbeiten, müssen nötigenfalls Signale aufstellen; bei Planungs-, Bau- oder Unterhaltsarbeiten müssen sie fluoreszierende und rückstrahlende Kleidung tragen, durch die sie sowohl bei Tag als auch bei Nacht gut sichtbar sind.
VRV|50|1|Fahrzeugähnliche Geräte dürfen als Verkehrsmittel verwendet werden auf: a. den für die Fussgänger bestimmten Verkehrsflächen wie Trottoirs, Fusswege, Längsstreifen für Fussgänger, Fussgängerzonen; b. Radwegen; c. der Fahrbahn von Tempo-30-Zonen und Begegnungszonen; d. der Fahrbahn von Nebenstrassen, wenn entlang der Strasse Trottoirs sowie Fuss- und Radwege fehlen und das Verkehrsaufkommen im Zeitpunkt der Benutzung gering ist
VRV|50|2|Für Tätigkeiten, namentlich Spiele, die auf einer begrenzten Fläche stattfinden, darf die für die Fussgänger bestimmte Verkehrsfläche und auf verkehrsarmen Nebenstrassen (z.B. in Wohnquartieren) der gesamte Bereich der Fahrbahn benützt werden, sofern die übrigen Verkehrsteilnehmer dadurch weder behindert noch gefährdet werden
VRV|50a|1|Für die Benützer von fahrzeugähnlichen Geräten gelten die für Fussgänger anwendbaren Verkehrsregeln.
VRV|50a|2|Die Benützer von fahrzeugähnlichen Geräten müssen die Geschwindigkeit und die Fahrweise stets den Umständen und den Besonderheiten des Geräts anpassen. Insbesondere müssen sie auf Fussgänger Rücksicht nehmen und diesen den Vortritt gewähren. Beim Überqueren der Fahrbahn dürfen sie nur im Schritttempo fahren.
VRV|50a|3|Sie müssen auf der Fahrbahn rechts fahren. Auf Radwegen haben sie die für die Radfahrer vorgeschriebene Fahrtrichtung einzuhalten.
VRV|50a|4|Nachts und wenn die Sichtverhältnisse es erfordern, sind fahrzeugähnliche Geräte oder ihre Benützer auf der Fahrbahn und auf Radwegen mit einem nach vorne weiss und nach hinten rot leuchtenden, gut erkennbaren Licht zu versehen.
VRV|51|1|Auf Strassen mit starkem Verkehr dürfen nur geübte Reiter und nur auf verkehrsgewohnten Tieren reiten. Ein Reiter darf höchstens ein Handpferd mitführen.
VRV|51|2|Das Reiten zu zweit nebeneinander ist nur gestattet in einem geschlossenen Verband von wenigstens sechs Reitern sowie ausserorts bei Tag auf Strassen mit schwachem Verkehr.
VRV|52|1|Wer ein Tier führt, muss es ständig in seiner Gewalt haben. Tiere dürfen nur geeigneten Führern anvertraut werden.
VRV|52|2|Ein einzelnes Tier darf in Berggegenden am linken Strassenrand geführt werden, wenn Führer und Tier dort sicherer sind.
VRV|52|3|Stillstehende Tiere dürfen den Verkehr nicht behindern; sind sie unbeaufsichtigt, so müssen sie zuverlässig angebunden werden.
VRV|52|4|Die Begleiter von Herden haben auf Hauptstrassen dafür zu sorgen, dass die linke Strassenseite frei bleibt. Bei Bahnübergängen ist die Herde nötigenfalls zu unterteilen.
